Word,Frequency,IDF,Score
learning,1278,1.288,40.04131
clustering,433,1.693,17.83821
cid,715,1.0,17.39702
emulator,240,2.386,13.9349
learner,149,3.079,11.16418
curves,307,1.47,10.98059
curve,296,1.47,10.58715
machine,274,1.47,9.80026
fairness,126,3.079,9.44085
active,293,1.288,9.18005
students,188,1.693,7.745
neural,141,1.981,6.79571
training,244,1.134,6.72964
online,192,1.288,6.0156
wise,114,1.981,5.4944
algorithm,169,1.288,5.29498
point,211,1.0,5.13394
set,207,1.0,5.03662
student,104,1.981,5.01244
fair,84,2.386,4.87722
label,95,1.981,4.57867
climate,121,1.47,4.32785
stream,88,1.981,4.24129
fuzzy,70,2.386,4.06435
streams,54,3.079,4.04608
dataset,137,1.134,3.77853
deep,103,1.47,3.68404
classification,101,1.47,3.61251
learners,60,2.386,3.48373
means,111,1.288,3.47777
iteration,59,2.386,3.42566
labeled,59,2.386,3.42566
cluster,120,1.134,3.30966
points,136,1.0,3.30908
strategy,80,1.693,3.29574
prediction,104,1.288,3.25845
drift,56,2.386,3.25148
sampling,102,1.288,3.19579
learn,89,1.47,3.1833
template,66,1.981,3.18097
downscaling,64,1.981,3.08458
arxivpreprintarxiv,63,1.981,3.03638
anchor,52,2.386,3.01923
algorithms,96,1.288,3.0078
educational,73,1.693,3.00737
statistical,95,1.288,2.97647
classifier,51,2.386,2.96117
budget,61,1.981,2.93999
stopping,39,3.079,2.92217
labeling,39,3.079,2.92217
abs,50,2.386,2.90311
datasets,101,1.134,2.78563
anchors,37,3.079,2.77231
privacy,56,1.981,2.69901
framework,86,1.288,2.69449
instances,65,1.693,2.67779
concept,74,1.47,2.64679
clusters,84,1.288,2.63182
may,94,1.134,2.59257
saturation,44,2.386,2.55473
sat,43,2.386,2.49667
train,60,1.693,2.47181
network,78,1.288,2.44384
applications,68,1.47,2.43218
uncertainty,88,1.134,2.42708
sample,99,1.0,2.40882
size,86,1.134,2.37192
distribution,96,1.0,2.33582
supervised,48,1.981,2.31343
utility,56,1.693,2.30702
input,83,1.134,2.28918
spatial,83,1.134,2.28918
function,93,1.0,2.26283
trained,71,1.288,2.22452
official,38,2.386,2.20636
test,78,1.134,2.15128
applied,77,1.134,2.1237
features,77,1.134,2.1237
networks,77,1.134,2.1237
statistics,77,1.134,2.1237
com,87,1.0,2.11684
weights,50,1.693,2.05984
available,74,1.134,2.04096
resolution,73,1.134,2.01338
sources,71,1.134,1.95822
unlabeled,26,3.079,1.94811
classifiers,33,2.386,1.91605
regression,61,1.288,1.9112
selection,69,1.134,1.90306
accuracy,60,1.288,1.87987
domain,60,1.288,1.87987
protected,25,3.079,1.87319
emulators,32,2.386,1.85799
github,45,1.693,1.85386
work,76,1.0,1.84919
tion,76,1.0,1.84919
strategies,59,1.288,1.84854
feature,67,1.134,1.84789
daily,51,1.47,1.82414
problem,66,1.134,1.82031
truth,44,1.693,1.81266
group,65,1.134,1.79273
target,57,1.288,1.78588
question,56,1.288,1.75455
review,49,1.47,1.7526
box,42,1.693,1.73027
ensemble,42,1.693,1.73027
labels,42,1.693,1.73027
parameters,71,1.0,1.72754
class,62,1.134,1.70999
error,62,1.134,1.70999
instance,54,1.288,1.69189
meta,41,1.693,1.68907
distance,61,1.134,1.68241
design,47,1.47,1.68107
early,53,1.288,1.66055
pre,52,1.288,1.62922
empirical,59,1.134,1.62725
scale,66,1.0,1.60588
predictions,58,1.134,1.59967
confidence,51,1.288,1.59789
center,33,1.981,1.59049
update,33,1.981,1.59049
etal,65,1.0,1.58155
bias,44,1.47,1.57376
types,57,1.134,1.57209
query,27,2.386,1.56768
complexity,50,1.288,1.56656
introduced,50,1.288,1.56656
world,38,1.693,1.56548
survey,56,1.134,1.54451
quality,56,1.134,1.54451
estimate,49,1.288,1.53523
step,63,1.0,1.53288
notion,26,2.386,1.50961
batch,26,2.386,1.50961
optimality,26,2.386,1.50961
validation,48,1.288,1.5039
threshold,42,1.47,1.50223
landscapes,20,3.079,1.49855
splits,20,3.079,1.49855
discarding,20,3.079,1.49855
etar,20,3.079,1.49855
rorre,20,3.079,1.49855
informative,31,1.981,1.49409
maps,54,1.134,1.48935
resources,36,1.693,1.48308
computational,47,1.288,1.47257
type,53,1.134,1.46177
library,25,2.386,1.45155
loss,46,1.288,1.44124
optimization,46,1.288,1.44124
ing,59,1.0,1.43556
often,52,1.134,1.43419
variables,52,1.134,1.43419
acquisition,34,1.693,1.40069
programming,29,1.981,1.3977
estimates,39,1.47,1.39493
unsupervised,24,2.386,1.39349
real,56,1.0,1.36256
studies,56,1.0,1.36256
perfect,33,1.693,1.35949
architecture,38,1.47,1.35916
series,49,1.134,1.35145
predictors,28,1.981,1.3495
scores,28,1.981,1.3495
drifting,18,3.079,1.34869
medoids,18,3.079,1.34869
healthcare,23,2.386,1.33543
select,48,1.134,1.32386
metrics,37,1.47,1.32339
output,37,1.47,1.32339
consider,42,1.288,1.31591
improve,42,1.288,1.31591
predict,42,1.288,1.31591
parameter,54,1.0,1.3139
linear,54,1.0,1.3139
cost,47,1.134,1.29628
non,53,1.0,1.28957
current,53,1.0,1.28957
protein,22,2.386,1.27737
queried,22,2.386,1.27737
streaming,17,3.079,1.27377
temperature,46,1.134,1.2687
literature,40,1.288,1.25325
novel,35,1.47,1.25186
recommendations,35,1.47,1.25186
variance,35,1.47,1.25186
being,51,1.0,1.24091
possible,51,1.0,1.24091
interpretability,21,2.386,1.2193
optimal,44,1.134,1.21354
interpretable,16,3.079,1.19884
epistemic,16,3.079,1.19884
classes,29,1.693,1.19471
iterations,29,1.693,1.19471
pdf,29,1.693,1.19471
groups,38,1.288,1.19059
community,38,1.288,1.19059
questions,38,1.288,1.19059
ability,43,1.134,1.18596
incoming,20,2.386,1.16124
inputs,37,1.288,1.15926
health,28,1.693,1.15351
evolving,28,1.693,1.15351
van,32,1.47,1.14456
whether,47,1.0,1.14358
simulation,47,1.0,1.14358
multi,36,1.288,1.12792
address,36,1.288,1.12792
true,36,1.288,1.12792
latency,15,3.079,1.12391
college,15,3.079,1.12391
press,15,3.079,1.12391
license,15,3.079,1.12391
reproduce,27,1.693,1.11231
black,31,1.47,1.10879
weight,31,1.47,1.10879
self,31,1.47,1.10879
scenarios,31,1.47,1.10879
added,31,1.47,1.10879
hierarchical,31,1.47,1.10879
stationary,23,1.981,1.10852
overview,40,1.134,1.10322
random,40,1.134,1.10322
conserved,19,2.386,1.10318
minima,19,2.386,1.10318
neg,19,2.386,1.10318
classroom,19,2.386,1.10318
provide,45,1.0,1.09492
structure,45,1.0,1.09492
further,39,1.134,1.07564
space,39,1.134,1.07564
predictive,30,1.47,1.07302
predicting,30,1.47,1.07302
html,30,1.47,1.07302
capacity,26,1.693,1.07112
aware,26,1.693,1.07112
updated,26,1.693,1.07112
kernel,26,1.693,1.07112
task,34,1.288,1.06526
reproducibility,22,1.981,1.06032
imbalanced,14,3.079,1.04898
map,38,1.134,1.04806
source,43,1.0,1.04625
biology,18,2.386,1.04512
obs,18,2.386,1.04512
scenario,29,1.47,1.03725
able,33,1.288,1.03393
problems,33,1.288,1.03393
medical,25,1.693,1.02992
software,25,1.693,1.02992
objective,25,1.693,1.02992
detection,42,1.0,1.02192
www,42,1.0,1.02192
configuration,21,1.981,1.01213
binary,32,1.288,1.0026
graph,32,1.288,1.0026
others,32,1.288,1.0026
fixed,32,1.288,1.0026
physical,28,1.47,1.00149
criterion,28,1.47,1.00149
changing,28,1.47,1.00149
identify,41,1.0,0.99759
local,41,1.0,0.99759
across,36,1.134,0.9929
need,36,1.134,0.9929
assignments,13,3.079,0.97406
drifts,13,3.079,0.97406
arm,13,3.079,0.97406
following,40,1.0,0.97326
image,31,1.288,0.97127
tasks,31,1.288,0.97127
control,31,1.288,0.97127
obtain,31,1.288,0.97127
score,27,1.47,0.96572
global,27,1.47,0.96572
associated,35,1.134,0.96532
end,35,1.134,0.96532
margin,20,1.981,0.96393
potential,39,1.0,0.94893
outputs,23,1.693,0.94753
costs,23,1.693,0.94753
attributes,23,1.693,0.94753
state,30,1.288,0.93994
functions,30,1.288,0.93994
extrapolation,16,2.386,0.92899
considered,38,1.0,0.9246
support,38,1.0,0.9246
correlation,38,1.0,0.9246
grouping,19,1.981,0.91573
addition,33,1.134,0.91016
experimental,33,1.134,0.91016
dynamic,33,1.134,0.91016
representation,29,1.288,0.90861
version,29,1.288,0.90861
grid,29,1.288,0.90861
scientific,22,1.693,0.90633
balance,22,1.693,0.90633
law,22,1.693,0.90633
better,37,1.0,0.90027
might,37,1.0,0.90027
surface,37,1.0,0.90027
preprintarxiv,12,3.079,0.89913
optimisation,12,3.079,0.89913
bandits,12,3.079,0.89913
centroid,12,3.079,0.89913
implicitly,12,3.079,0.89913
aleatoric,12,3.079,0.89913
solutions,25,1.47,0.89418
benchmark,25,1.47,0.89418
gradient,25,1.47,0.89418
last,32,1.134,0.88258
require,32,1.134,0.88258
sets,32,1.134,0.88258
computed,32,1.134,0.88258
standard,28,1.288,0.87727
whole,28,1.288,0.87727
according,28,1.288,0.87727
matrix,28,1.288,0.87727
order,36,1.0,0.87593
obtained,36,1.0,0.87593
residues,15,2.386,0.87093
object,15,2.386,0.87093
courses,15,2.386,0.87093
convolutional,18,1.981,0.86754
reinforcement,21,1.693,0.86513
setting,24,1.47,0.85842
decisions,24,1.47,0.85842
goal,24,1.47,0.85842
relevant,31,1.134,0.855
power,31,1.134,0.855
must,35,1.0,0.8516
including,35,1.0,0.8516
focus,35,1.0,0.8516
initial,27,1.288,0.84594
open,27,1.288,0.84594
course,27,1.288,0.84594
field,30,1.134,0.82742
useful,30,1.134,0.82742
defined,30,1.134,0.82742
variable,30,1.134,0.82742
due,34,1.0,0.82727
explainability,11,3.079,0.8242
modelling,20,1.693,0.82394
recommendation,20,1.693,0.82394
pos,20,1.693,0.82394
big,23,1.47,0.82265
selecting,23,1.47,0.82265
stop,17,1.981,0.81934
noise,26,1.288,0.81461
efficient,26,1.288,0.81461
risk,26,1.288,0.81461
period,26,1.288,0.81461
allows,26,1.288,0.81461
summary,14,2.386,0.81287
engagement,14,2.386,0.81287
teachers,14,2.386,0.81287
without,33,1.0,0.80294
papers,29,1.134,0.79983
patterns,29,1.134,0.79983
shifts,22,1.47,0.78688
vector,22,1.47,0.78688
public,22,1.47,0.78688
situation,22,1.47,0.78688
necessary,22,1.47,0.78688
challenges,25,1.288,0.78328
existing,25,1.288,0.78328
human,25,1.288,0.78328
concepts,19,1.693,0.78274
rule,19,1.693,0.78274
nearest,19,1.693,0.78274
probability,32,1.0,0.77861
result,28,1.134,0.77225
technical,28,1.134,0.77225
application,28,1.134,0.77225
typically,28,1.134,0.77225
pass,16,1.981,0.77114
entropy,13,2.386,0.75481
visualization,13,2.386,0.75481
decide,13,2.386,0.75481
reward,13,2.386,0.75481
notions,13,2.386,0.75481
additional,31,1.0,0.75428
techniques,31,1.0,0.75428
complete,31,1.0,0.75428
ensure,24,1.288,0.75195
combination,24,1.288,0.75195
issues,24,1.288,0.75195
represents,24,1.288,0.75195
minimum,24,1.288,0.75195
inference,21,1.47,0.75112
adaptive,21,1.47,0.75112
choice,21,1.47,0.75112
takes,21,1.47,0.75112
scheme,21,1.47,0.75112
machinelearning,10,3.079,0.74927
clas,10,3.079,0.74927
disconnectivity,10,3.079,0.74927
membership,10,3.079,0.74927
prequential,10,3.079,0.74927
difference,27,1.134,0.74467
near,27,1.134,0.74467
similarity,18,1.693,0.74154
fitting,18,1.693,0.74154
recent,30,1.0,0.72994
rather,30,1.0,0.72994
clinical,15,1.981,0.72295
libraries,15,1.981,0.72295
incremental,15,1.981,0.72295
reference,23,1.288,0.72062
modeling,23,1.288,0.72062
certain,23,1.288,0.72062
called,26,1.134,0.71709
term,26,1.134,0.71709
works,20,1.47,0.71535
situations,20,1.47,0.71535
social,20,1.47,0.71535
index,29,1.0,0.70561
presented,29,1.0,0.70561
density,29,1.0,0.70561
applicable,17,1.693,0.70035
generalization,17,1.693,0.70035
combining,17,1.693,0.70035
requirements,17,1.693,0.70035
code,17,1.693,0.70035
performances,17,1.693,0.70035
encoding,12,2.386,0.69675
disagreement,12,2.386,0.69675
resp,12,2.386,0.69675
along,25,1.134,0.68951
behavior,25,1.134,0.68951
simulations,25,1.134,0.68951
criteria,22,1.288,0.68929
compute,22,1.288,0.68929
aspects,22,1.288,0.68929
appropriate,22,1.288,0.68929
explicitly,22,1.288,0.68929
assumption,19,1.47,0.67958
min,19,1.47,0.67958
predicted,19,1.47,0.67958
aims,19,1.47,0.67958
feedback,19,1.47,0.67958
parametric,19,1.47,0.67958
publications,14,1.981,0.67475
addressed,14,1.981,0.67475
attribute,14,1.981,0.67475
inconsistencies,14,1.981,0.67475
climatology,14,1.981,0.67475
race,9,3.079,0.67435
perceptron,9,3.079,0.67435
regret,9,3.079,0.67435
mlr,9,3.079,0.67435
hyperparameter,9,3.079,0.67435
answered,9,3.079,0.67435
clus,9,3.079,0.67435
building,24,1.134,0.66193
resulting,24,1.134,0.66193
diversity,16,1.693,0.65915
super,16,1.693,0.65915
essential,21,1.288,0.65796
usually,21,1.288,0.65796
respect,21,1.288,0.65796
cross,21,1.288,0.65796
representative,21,1.288,0.65796
selected,21,1.288,0.65796
built,21,1.288,0.65796
involves,21,1.288,0.65796
hypothesis,21,1.288,0.65796
like,27,1.0,0.65695
uses,27,1.0,0.65695
terms,27,1.0,0.65695
settings,18,1.47,0.64381
node,18,1.47,0.64381
report,18,1.47,0.64381
popular,18,1.47,0.64381
platform,18,1.47,0.64381
layer,18,1.47,0.64381
spectral,18,1.47,0.64381
adapt,18,1.47,0.64381
once,18,1.47,0.64381
environment,18,1.47,0.64381
needs,18,1.47,0.64381
expert,18,1.47,0.64381
schedule,11,2.386,0.63868
annotation,11,2.386,0.63868
arrow,11,2.386,0.63868
dropout,11,2.386,0.63868
linkage,11,2.386,0.63868
account,23,1.134,0.63435
required,23,1.134,0.63435
net,23,1.134,0.63435
stable,23,1.134,0.63435
fields,23,1.134,0.63435
collected,23,1.134,0.63435
much,26,1.0,0.63262
energy,26,1.0,0.63262
way,26,1.0,0.63262
search,26,1.0,0.63262
edu,20,1.288,0.62662
create,20,1.288,0.62662
temporal,20,1.288,0.62662
ray,13,1.981,0.62655
trade,13,1.981,0.62655
exponential,13,1.981,0.62655
experts,13,1.981,0.62655
motivation,15,1.693,0.61795
assessing,15,1.693,0.61795
files,15,1.693,0.61795
above,25,1.0,0.60829
fit,25,1.0,0.60829
external,17,1.47,0.60805
challenging,17,1.47,0.60805
layers,17,1.47,0.60805
project,17,1.47,0.60805
explicit,17,1.47,0.60805
practical,17,1.47,0.60805
pool,17,1.47,0.60805
answer,17,1.47,0.60805
fraud,8,3.079,0.59942
oracle,8,3.079,0.59942
fitness,8,3.079,0.59942
bandit,8,3.079,0.59942
behaved,8,3.079,0.59942
argmin,8,3.079,0.59942
silhouette,8,3.079,0.59942
emulated,8,3.079,0.59942
towards,19,1.288,0.59529
idea,19,1.288,0.59529
employed,19,1.288,0.59529
insights,19,1.288,0.59529
final,19,1.288,0.59529
overall,19,1.288,0.59529
providing,19,1.288,0.59529
difficult,19,1.288,0.59529
already,19,1.288,0.59529
referred,19,1.288,0.59529
help,24,1.0,0.58396
previous,24,1.0,0.58396
distributions,24,1.0,0.58396
medicine,10,2.386,0.58062
belief,10,2.386,0.58062
sliding,10,2.386,0.58062
ith,10,2.386,0.58062
ensembles,10,2.386,0.58062
requires,21,1.134,0.57919
window,21,1.134,0.57919
surveys,12,1.981,0.57836
tackle,12,1.981,0.57836
academic,12,1.981,0.57836
automatic,12,1.981,0.57836
behaviors,12,1.981,0.57836
heterogeneous,12,1.981,0.57836
build,12,1.981,0.57836
progressive,12,1.981,0.57836
orange,12,1.981,0.57836
considering,14,1.693,0.57676
preprint,14,1.693,0.57676
finite,14,1.693,0.57676
robust,16,1.47,0.57228
researchers,16,1.47,0.57228
nodes,16,1.47,0.57228
always,16,1.47,0.57228
improving,16,1.47,0.57228
semi,16,1.47,0.57228
automated,16,1.47,0.57228
candidate,16,1.47,0.57228
variability,16,1.47,0.57228
memory,16,1.47,0.57228
ranking,16,1.47,0.57228
convergence,16,1.47,0.57228
contrast,18,1.288,0.56396
line,23,1.0,0.55962
samples,23,1.0,0.55962
provides,23,1.0,0.55962
remains,20,1.134,0.55161
original,20,1.134,0.55161
still,20,1.134,0.55161
lead,20,1.134,0.55161
critical,15,1.47,0.53651
namely,15,1.47,0.53651
risks,15,1.47,0.53651
learned,15,1.47,0.53651
rely,15,1.47,0.53651
presents,15,1.47,0.53651
statistic,15,1.47,0.53651
weighted,15,1.47,0.53651
architectures,13,1.693,0.53556
security,13,1.693,0.53556
collaborative,13,1.693,0.53556
simpler,13,1.693,0.53556
policy,13,1.693,0.53556
warming,13,1.693,0.53556
area,22,1.0,0.53529
expected,22,1.0,0.53529
practice,17,1.288,0.53263
chosen,17,1.288,0.53263
driven,17,1.288,0.53263
right,17,1.288,0.53263
detect,17,1.288,0.53263
sizes,17,1.288,0.53263
summarize,11,1.981,0.53016
autonomous,11,1.981,0.53016
landscape,11,1.981,0.53016
reporting,11,1.981,0.53016
hyper,11,1.981,0.53016
dealing,11,1.981,0.53016
fine,11,1.981,0.53016
precipitation,11,1.981,0.53016
cybersecurity,7,3.079,0.52449
attribution,7,3.079,0.52449
unipd,7,3.079,0.52449
randomness,7,3.079,0.52449
forecaster,7,3.079,0.52449
dtr,7,3.079,0.52449
utilise,7,3.079,0.52449
stops,7,3.079,0.52449
naive,7,3.079,0.52449
iter,7,3.079,0.52449
metalearning,7,3.079,0.52449
generalisation,7,3.079,0.52449
venues,7,3.079,0.52449
fairlet,7,3.079,0.52449
capacitated,7,3.079,0.52449
intercomparison,7,3.079,0.52449
entire,19,1.134,0.52403
among,19,1.134,0.52403
tions,19,1.134,0.52403
tio,9,2.386,0.52256
logistic,9,2.386,0.52256
relying,9,2.386,0.52256
neu,9,2.386,0.52256
reproducible,9,2.386,0.52256
pairwise,9,2.386,0.52256
skills,9,2.386,0.52256
querying,9,2.386,0.52256
selective,9,2.386,0.52256
confident,9,2.386,0.52256
else,9,2.386,0.52256
accelerated,9,2.386,0.52256
emula,9,2.386,0.52256
interpolated,9,2.386,0.52256
limited,21,1.0,0.51096
understanding,21,1.0,0.51096
differences,16,1.288,0.5013
currently,16,1.288,0.5013
next,16,1.288,0.5013
understand,16,1.288,0.5013
tools,16,1.288,0.5013
previously,16,1.288,0.5013
having,16,1.288,0.5013
itself,16,1.288,0.5013
determined,16,1.288,0.5013
expressed,16,1.288,0.5013
computation,14,1.47,0.50074
robustness,14,1.47,0.50074
configurations,14,1.47,0.50074
list,14,1.47,0.50074
correct,14,1.47,0.50074
databases,14,1.47,0.50074
refers,14,1.47,0.50074
performing,14,1.47,0.50074
tree,14,1.47,0.50074
analyze,14,1.47,0.50074
hybrid,14,1.47,0.50074
optimized,14,1.47,0.50074
user,14,1.47,0.50074
form,18,1.134,0.49645
images,18,1.134,0.49645
corresponding,18,1.134,0.49645
top,18,1.134,0.49645
maximum,18,1.134,0.49645
far,18,1.134,0.49645
preserving,12,1.693,0.49436
reliability,12,1.693,0.49436
consequences,12,1.693,0.49436
domains,12,1.693,0.49436
rules,12,1.693,0.49436
probabilistic,12,1.693,0.49436
mental,12,1.693,0.49436
long,20,1.0,0.48663
experiments,20,1.0,0.48663
hand,20,1.0,0.48663
reported,20,1.0,0.48663
asked,10,1.981,0.48197
biases,10,1.981,0.48197
advice,10,1.981,0.48197
soft,10,1.981,0.48197
soon,10,1.981,0.48197
warm,10,1.981,0.48197
extremes,10,1.981,0.48197
accurate,15,1.288,0.46997
testing,15,1.288,0.46997
cannot,15,1.288,0.46997
clear,15,1.288,0.46997
populations,15,1.288,0.46997
regarding,15,1.288,0.46997
objects,15,1.288,0.46997
steps,17,1.134,0.46887
areas,17,1.134,0.46887
individual,17,1.134,0.46887
inverse,17,1.134,0.46887
shift,17,1.134,0.46887
technique,17,1.134,0.46887
solution,13,1.47,0.46498
aim,13,1.47,0.46498
repeated,13,1.47,0.46498
define,13,1.47,0.46498
taking,13,1.47,0.46498
assume,13,1.47,0.46498
coefficient,13,1.47,0.46498
belongs,8,2.386,0.4645
boosting,8,2.386,0.4645
imbalance,8,2.386,0.4645
baselines,8,2.386,0.4645
bio,8,2.386,0.4645
static,8,2.386,0.4645
acquiring,8,2.386,0.4645
costly,8,2.386,0.4645
formal,8,2.386,0.4645
adversarial,8,2.386,0.4645
axes,8,2.386,0.4645
journals,8,2.386,0.4645
stu,8,2.386,0.4645
quantiles,8,2.386,0.4645
highly,19,1.0,0.4623
full,19,1.0,0.4623
part,19,1.0,0.4623
interval,19,1.0,0.4623
challenge,11,1.693,0.45316
driving,11,1.693,0.45316
synthetic,11,1.693,0.45316
arbitrary,11,1.693,0.45316
protocol,11,1.693,0.45316
reasons,11,1.693,0.45316
formance,11,1.693,0.45316
iterative,11,1.693,0.45316
dynamical,11,1.693,0.45316
oder,6,3.079,0.44956
ordering,6,3.079,0.44956
lying,6,3.079,0.44956
awaremachinelearning,6,3.079,0.44956
worldapplications,6,3.079,0.44956
garbage,6,3.079,0.44956
basedactivelearning,6,3.079,0.44956
committee,6,3.079,0.44956
fly,6,3.079,0.44956
distillation,6,3.079,0.44956
descent,6,3.079,0.44956
exploitation,6,3.079,0.44956
trying,6,3.079,0.44956
zniak,6,3.079,0.44956
jmlr,6,3.079,0.44956
chemolab,6,3.079,0.44956
widm,6,3.079,0.44956
thaw,6,3.079,0.44956
agglomerative,6,3.079,0.44956
reachable,6,3.079,0.44956
nvidia,6,3.079,0.44956
googleblog,6,3.079,0.44956
lator,6,3.079,0.44956
illustration,6,3.079,0.44956
determine,16,1.134,0.44129
around,16,1.134,0.44129
follows,16,1.134,0.44129
investigated,14,1.288,0.43864
explore,14,1.288,0.43864
dimensional,14,1.288,0.43864
randomly,14,1.288,0.43864
included,14,1.288,0.43864
requirement,14,1.288,0.43864
estimation,14,1.288,0.43864
denote,14,1.288,0.43864
avoid,14,1.288,0.43864
constraint,14,1.288,0.43864
few,18,1.0,0.43797
region,18,1.0,0.43797
scalable,9,1.981,0.43377
ral,9,1.981,0.43377
guidelines,9,1.981,0.43377
consensus,9,1.981,0.43377
transparent,9,1.981,0.43377
positives,9,1.981,0.43377
prevalent,9,1.981,0.43377
runtime,9,1.981,0.43377
horizon,9,1.981,0.43377
sequential,9,1.981,0.43377
requested,9,1.981,0.43377
pseudo,9,1.981,0.43377
posterior,9,1.981,0.43377
maximization,9,1.981,0.43377
quantile,9,1.981,0.43377
algo,9,1.981,0.43377
thanks,9,1.981,0.43377
modelled,9,1.981,0.43377
organizing,9,1.981,0.43377
neighborhood,9,1.981,0.43377
apply,12,1.47,0.42921
improvement,12,1.47,0.42921
focuses,12,1.47,0.42921
lack,12,1.47,0.42921
outcomes,12,1.47,0.42921
allowing,12,1.47,0.42921
material,12,1.47,0.42921
experiment,12,1.47,0.42921
hard,12,1.47,0.42921
leading,12,1.47,0.42921
mentioned,12,1.47,0.42921
collection,12,1.47,0.42921
refer,12,1.47,0.42921
minimize,12,1.47,0.42921
language,12,1.47,0.42921
stochastic,12,1.47,0.42921
candidates,12,1.47,0.42921
wide,15,1.134,0.41371
prior,15,1.134,0.41371
role,15,1.134,0.41371
intervals,15,1.134,0.41371
production,15,1.134,0.41371
ones,15,1.134,0.41371
phase,15,1.134,0.41371
depends,15,1.134,0.41371
effective,15,1.134,0.41371
extreme,15,1.134,0.41371
below,17,1.0,0.41364
produce,17,1.0,0.41364
times,17,1.0,0.41364
service,10,1.693,0.41197
worth,10,1.693,0.41197
words,10,1.693,0.41197
vari,10,1.693,0.41197
believe,10,1.693,0.41197
answers,10,1.693,0.41197
depth,10,1.693,0.41197
category,10,1.693,0.41197
validity,10,1.693,0.41197
toward,10,1.693,0.41197
variant,10,1.693,0.41197
partial,10,1.693,0.41197
link,10,1.693,0.41197
benefit,13,1.288,0.40731
fully,13,1.288,0.40731
own,13,1.288,0.40731
implementation,13,1.288,0.40731
easily,13,1.288,0.40731
represented,13,1.288,0.40731
almost,13,1.288,0.40731
arxivpreprint,7,2.386,0.40643
inspired,7,2.386,0.40643
algorithmic,7,2.386,0.40643
released,7,2.386,0.40643
writing,7,2.386,0.40643
actively,7,2.386,0.40643
worse,7,2.386,0.40643
incorrect,7,2.386,0.40643
queries,7,2.386,0.40643
thresholding,7,2.386,0.40643
passive,7,2.386,0.40643
divide,7,2.386,0.40643
epochs,7,2.386,0.40643
answering,7,2.386,0.40643
discover,7,2.386,0.40643
art,11,1.47,0.39344
constraints,11,1.47,0.39344
identifying,11,1.47,0.39344
meaning,11,1.47,0.39344
limitations,11,1.47,0.39344
capture,11,1.47,0.39344
depending,11,1.47,0.39344
monitoring,11,1.47,0.39344
activities,11,1.47,0.39344
estimating,11,1.47,0.39344
reasonable,11,1.47,0.39344
underlying,16,1.0,0.3893
provided,16,1.0,0.3893
against,16,1.0,0.3893
trends,14,1.134,0.38613
every,14,1.134,0.38613
include,14,1.134,0.38613
tests,14,1.134,0.38613
enough,14,1.134,0.38613
generate,14,1.134,0.38613
bound,14,1.134,0.38613
transformer,8,1.981,0.38557
party,8,1.981,0.38557
biological,8,1.981,0.38557
independence,8,1.981,0.38557
trials,8,1.981,0.38557
implicit,8,1.981,0.38557
machines,8,1.981,0.38557
sensor,8,1.981,0.38557
logic,8,1.981,0.38557
immediately,8,1.981,0.38557
bounds,8,1.981,0.38557
infinite,8,1.981,0.38557
portfolio,8,1.981,0.38557
hpa,8,1.981,0.38557
warmer,8,1.981,0.38557
comprehensive,12,1.288,0.37597
exist,12,1.288,0.37597
identification,12,1.288,0.37597
blue,12,1.288,0.37597
latter,12,1.288,0.37597
free,12,1.288,0.37597
variety,12,1.288,0.37597
directly,12,1.288,0.37597
makes,12,1.288,0.37597
simply,12,1.288,0.37597
encryption,5,3.079,0.37464
modeltraining,5,3.079,0.37464
trustworthy,5,3.079,0.37464
agnostic,5,3.079,0.37464
importantly,5,3.079,0.37464
cardinality,5,3.079,0.37464
checklist,5,3.079,0.37464
residue,5,3.079,0.37464
theoretically,5,3.079,0.37464
inreal,5,3.079,0.37464
outdated,5,3.079,0.37464
deciding,5,3.079,0.37464
inspection,5,3.079,0.37464
please,5,3.079,0.37464
iteratively,5,3.079,0.37464
tackled,5,3.079,0.37464
surrogate,5,3.079,0.37464
arez,5,3.079,0.37464
ellipsoid,5,3.079,0.37464
arms,5,3.079,0.37464
transductive,5,3.079,0.37464
itis,5,3.079,0.37464
qre,5,3.079,0.37464
hash,5,3.079,0.37464
nips,5,3.079,0.37464
epoch,5,3.079,0.37464
ofer,5,3.079,0.37464
generalise,5,3.079,0.37464
neighbours,5,3.079,0.37464
assignment,5,3.079,0.37464
halving,5,3.079,0.37464
bsat,5,3.079,0.37464
grade,5,3.079,0.37464
female,5,3.079,0.37464
medoid,5,3.079,0.37464
tering,5,3.079,0.37464
fairlets,5,3.079,0.37464
introductory,5,3.079,0.37464
modin,5,3.079,0.37464
apache,5,3.079,0.37464
pdfs,5,3.079,0.37464
private,9,1.693,0.37077
split,9,1.693,0.37077
hidden,9,1.693,0.37077
hyperparameters,9,1.693,0.37077
majority,9,1.693,0.37077
acquired,9,1.693,0.37077
reliable,9,1.693,0.37077
resource,9,1.693,0.37077
substantial,9,1.693,0.37077
assumes,9,1.693,0.37077
transform,9,1.693,0.37077
cold,9,1.693,0.37077
tor,9,1.693,0.37077
especially,15,1.0,0.36497
structures,15,1.0,0.36497
efficiency,15,1.0,0.36497
off,13,1.134,0.35855
attention,13,1.134,0.35855
extended,13,1.134,0.35855
beyond,13,1.134,0.35855
upon,13,1.134,0.35855
crucial,13,1.134,0.35855
errors,13,1.134,0.35855
dimension,13,1.134,0.35855
signal,13,1.134,0.35855
molecular,10,1.47,0.35767
graphs,10,1.47,0.35767
practices,10,1.47,0.35767
solve,10,1.47,0.35767
side,10,1.47,0.35767
article,10,1.47,0.35767
sense,10,1.47,0.35767
classical,10,1.47,0.35767
decomposition,10,1.47,0.35767
attacks,6,2.386,0.34837
usefulness,6,2.386,0.34837
store,6,2.386,0.34837
rep,6,2.386,0.34837
homogeneity,6,2.386,0.34837
generative,6,2.386,0.34837
customer,6,2.386,0.34837
aggressive,6,2.386,0.34837
holdout,6,2.386,0.34837
lim,6,2.386,0.34837
plateau,6,2.386,0.34837
believed,6,2.386,0.34837
neurons,6,2.386,0.34837
achievement,6,2.386,0.34837
conferences,6,2.386,0.34837
dents,6,2.386,0.34837
teaching,6,2.386,0.34837
sklearn,6,2.386,0.34837
emu,6,2.386,0.34837
forcings,6,2.386,0.34837
downscal,6,2.386,0.34837
cover,11,1.288,0.34464
distributed,11,1.288,0.34464
perspective,11,1.288,0.34464
green,11,1.288,0.34464
generated,11,1.288,0.34464
needed,11,1.288,0.34464
independent,14,1.0,0.34064
regions,14,1.0,0.34064
states,7,1.981,0.33738
credit,7,1.981,0.33738
relies,7,1.981,0.33738
drug,7,1.981,0.33738
tuning,7,1.981,0.33738
verification,7,1.981,0.33738
hypotheses,7,1.981,0.33738
neighbors,7,1.981,0.33738
percentile,7,1.981,0.33738
vectors,7,1.981,0.33738
psychological,7,1.981,0.33738
notation,7,1.981,0.33738
curriculum,7,1.981,0.33738
closest,7,1.981,0.33738
program,7,1.981,0.33738
centers,7,1.981,0.33738
basis,12,1.134,0.33097
procedure,12,1.134,0.33097
close,12,1.134,0.33097
reduce,12,1.134,0.33097
ways,12,1.134,0.33097
become,12,1.134,0.33097
systematic,12,1.134,0.33097
mitigate,8,1.693,0.32957
hardware,8,1.693,0.32957
great,8,1.693,0.32957
humans,8,1.693,0.32957
horizontal,8,1.693,0.32957
covariance,8,1.693,0.32957
ensuring,8,1.693,0.32957
file,8,1.693,0.32957
users,8,1.693,0.32957
members,8,1.693,0.32957
adapted,8,1.693,0.32957
unknown,8,1.693,0.32957
adaptation,8,1.693,0.32957
updating,8,1.693,0.32957
smoothing,8,1.693,0.32957
cumulative,8,1.693,0.32957
detecting,8,1.693,0.32957
eventually,8,1.693,0.32957
eds,8,1.693,0.32957
reached,8,1.693,0.32957
perfectly,8,1.693,0.32957
opportunities,9,1.47,0.32191
directions,9,1.47,0.32191
max,9,1.47,0.32191
pipeline,9,1.47,0.32191
transition,9,1.47,0.32191
clearly,9,1.47,0.32191
actual,9,1.47,0.32191
explaining,9,1.47,0.32191
analyzed,9,1.47,0.32191
illustrated,9,1.47,0.32191
effort,9,1.47,0.32191
minimizing,9,1.47,0.32191
mixture,9,1.47,0.32191
trees,9,1.47,0.32191
bounded,9,1.47,0.32191
probably,9,1.47,0.32191
interest,13,1.0,0.31631
component,13,1.0,0.31631
behaviour,10,1.288,0.31331
generating,10,1.288,0.31331
normal,10,1.288,0.31331
characteristics,10,1.288,0.31331
cause,10,1.288,0.31331
dimensionality,10,1.288,0.31331
whose,10,1.288,0.31331
allow,10,1.288,0.31331
applying,10,1.288,0.31331
implies,10,1.288,0.31331
assumed,11,1.134,0.30339
interesting,11,1.134,0.30339
conditions,11,1.134,0.30339
sub,11,1.134,0.30339
tool,11,1.134,0.30339
alternative,11,1.134,0.30339
comparing,11,1.134,0.30339
constant,11,1.134,0.30339
theoretical,11,1.134,0.30339
parties,4,3.079,0.29971
summarised,4,3.079,0.29971
computes,4,3.079,0.29971
faithful,4,3.079,0.29971
visualised,4,3.079,0.29971
permuting,4,3.079,0.29971
microarray,4,3.079,0.29971
unreliable,4,3.079,0.29971
encoded,4,3.079,0.29971
stakes,4,3.079,0.29971
amongothers,4,3.079,0.29971
andpengcui,4,3.079,0.29971
conf,4,3.079,0.29971
discontinuation,4,3.079,0.29971
pervasive,4,3.079,0.29971
offline,4,3.079,0.29971
schemas,4,3.079,0.29971
mismatches,4,3.079,0.29971
thousand,4,3.079,0.29971
noisy,4,3.079,0.29971
spam,4,3.079,0.29971
chunk,4,3.079,0.29971
wrapper,4,3.079,0.29971
informativeness,4,3.079,0.29971
intuition,4,3.079,0.29971
assigns,4,3.079,0.29971
arrives,4,3.079,0.29971
sudden,4,3.079,0.29971
forgetting,4,3.079,0.29971
batches,4,3.079,0.29971
ignorance,4,3.079,0.29971
armed,4,3.079,0.29971
mit,4,3.079,0.29971
rankings,4,3.079,0.29971
ins,4,3.079,0.29971
neucom,4,3.079,0.29971
fifth,4,3.079,0.29971
kaggle,4,3.079,0.29971
visualises,4,3.079,0.29971
bagging,4,3.079,0.29971
mixtures,4,3.079,0.29971
anymore,4,3.079,0.29971
arguably,4,3.079,0.29971
stopped,4,3.079,0.29971
assertions,4,3.079,0.29971
randomforests,4,3.079,0.29971
grades,4,3.079,0.29971
moodle,4,3.079,0.29971
grading,4,3.079,0.29971
procrastination,4,3.079,0.29971
popularity,4,3.079,0.29971
proximity,4,3.079,0.29971
datascience,4,3.079,0.29971
classicalml,4,3.079,0.29971
openreview,4,3.079,0.29971
coastlines,4,3.079,0.29971
integration,12,1.0,0.29198
components,12,1.0,0.29198
respectively,12,1.0,0.29198
enforced,5,2.386,0.29031
despite,5,2.386,0.29031
bandwidth,5,2.386,0.29031
patients,5,2.386,0.29031
grained,5,2.386,0.29031
card,5,2.386,0.29031
breaking,5,2.386,0.29031
matrices,5,2.386,0.29031
reader,5,2.386,0.29031
classify,5,2.386,0.29031
deployment,5,2.386,0.29031
let,5,2.386,0.29031
formats,5,2.386,0.29031
intrinsic,5,2.386,0.29031
justice,5,2.386,0.29031
minimization,5,2.386,0.29031
selects,5,2.386,0.29031
routine,5,2.386,0.29031
converges,5,2.386,0.29031
asymptotic,5,2.386,0.29031
jstor,5,2.386,0.29031
tech,5,2.386,0.29031
maximal,5,2.386,0.29031
cheap,5,2.386,0.29031
builds,5,2.386,0.29031
graduate,5,2.386,0.29031
emotional,5,2.386,0.29031
reproduces,5,2.386,0.29031
symbol,6,1.981,0.28918
biased,6,1.981,0.28918
decided,6,1.981,0.28918
implementations,6,1.981,0.28918
pipelines,6,1.981,0.28918
website,6,1.981,0.28918
recommend,6,1.981,0.28918
heterogeneity,6,1.981,0.28918
ods,6,1.981,0.28918
collecting,6,1.981,0.28918
agencies,6,1.981,0.28918
noting,6,1.981,0.28918
satisfied,6,1.981,0.28918
filtering,6,1.981,0.28918
filter,6,1.981,0.28918
intra,6,1.981,0.28918
rithm,6,1.981,0.28918
num,6,1.981,0.28918
concrete,6,1.981,0.28918
items,6,1.981,0.28918
downscale,6,1.981,0.28918
frameworks,7,1.693,0.28838
ranging,7,1.693,0.28838
enabling,7,1.693,0.28838
internal,7,1.693,0.28838
diagnosis,7,1.693,0.28838
paradigm,7,1.693,0.28838
predic,7,1.693,0.28838
valuable,7,1.693,0.28838
standards,7,1.693,0.28838
prevent,7,1.693,0.28838
replace,7,1.693,0.28838
normalization,7,1.693,0.28838
handle,7,1.693,0.28838
request,7,1.693,0.28838
composed,7,1.693,0.28838
received,7,1.693,0.28838
combines,7,1.693,0.28838
preferences,7,1.693,0.28838
slope,7,1.693,0.28838
usage,7,1.693,0.28838
sea,7,1.693,0.28838
atmospheric,7,1.693,0.28838
sharing,8,1.47,0.28614
mance,8,1.47,0.28614
principles,8,1.47,0.28614
exists,8,1.47,0.28614
parts,8,1.47,0.28614
interested,8,1.47,0.28614
sequence,8,1.47,0.28614
metric,8,1.47,0.28614
starting,8,1.47,0.28614
flexible,8,1.47,0.28614
just,8,1.47,0.28614
independently,8,1.47,0.28614
describing,8,1.47,0.28614
exploration,8,1.47,0.28614
progress,8,1.47,0.28614
created,8,1.47,0.28614
argue,8,1.47,0.28614
scaling,8,1.47,0.28614
database,9,1.288,0.28198
identified,9,1.288,0.28198
explain,9,1.288,0.28198
contribution,9,1.288,0.28198
achieved,9,1.288,0.28198
represent,9,1.288,0.28198
introduce,9,1.288,0.28198
fall,9,1.288,0.28198
separate,9,1.288,0.28198
reduction,9,1.288,0.28198
scope,9,1.288,0.28198
visual,9,1.288,0.28198
becomes,9,1.288,0.28198
occur,9,1.288,0.28198
typical,9,1.288,0.28198
frequency,9,1.288,0.28198
categories,9,1.288,0.28198
extensive,9,1.288,0.28198
widely,9,1.288,0.28198
connected,9,1.288,0.28198
noted,9,1.288,0.28198
approximation,9,1.288,0.28198
left,9,1.288,0.28198
combined,10,1.134,0.27581
supported,10,1.134,0.27581
established,10,1.134,0.27581
properties,10,1.134,0.27581
vertical,10,1.134,0.27581
corresponds,10,1.134,0.27581
includes,10,1.134,0.27581
response,10,1.134,0.27581
unit,10,1.134,0.27581
designed,10,1.134,0.27581
effectively,10,1.134,0.27581
promising,10,1.134,0.27581
limit,10,1.134,0.27581
purpose,10,1.134,0.27581
mainly,10,1.134,0.27581
achieve,11,1.0,0.26765
activity,11,1.0,0.26765
involved,8,1.288,0.25065
summarized,8,1.288,0.25065
demonstrated,8,1.288,0.25065
investigate,8,1.288,0.25065
tested,8,1.288,0.25065
back,8,1.288,0.25065
sometimes,8,1.288,0.25065
enables,8,1.288,0.25065
covered,8,1.288,0.25065
parallel,8,1.288,0.25065
try,8,1.288,0.25065
option,8,1.288,0.25065
implemented,8,1.288,0.25065
block,8,1.288,0.25065
seems,8,1.288,0.25065
sum,8,1.288,0.25065
perfor,7,1.47,0.25037
infrastructure,7,1.47,0.25037
maintain,7,1.47,0.25037
definition,7,1.47,0.25037
principle,7,1.47,0.25037
want,7,1.47,0.25037
affect,7,1.47,0.25037
predictor,7,1.47,0.25037
publication,7,1.47,0.25037
raw,7,1.47,0.25037
capable,7,1.47,0.25037
phenomenon,7,1.47,0.25037
matching,7,1.47,0.25037
developing,7,1.47,0.25037
interaction,7,1.47,0.25037
indicating,7,1.47,0.25037
thereby,7,1.47,0.25037
tional,7,1.47,0.25037
opportunity,7,1.47,0.25037
scientists,7,1.47,0.25037
exactly,7,1.47,0.25037
boundary,7,1.47,0.25037
environments,7,1.47,0.25037
considers,7,1.47,0.25037
square,7,1.47,0.25037
behind,7,1.47,0.25037
iii,7,1.47,0.25037
necessarily,7,1.47,0.25037
yet,9,1.134,0.24822
negative,9,1.134,0.24822
interactions,9,1.134,0.24822
gives,9,1.134,0.24822
variation,9,1.134,0.24822
again,9,1.134,0.24822
start,9,1.134,0.24822
improved,9,1.134,0.24822
lines,9,1.134,0.24822
degree,9,1.134,0.24822
upper,9,1.134,0.24822
likelihood,9,1.134,0.24822
records,6,1.693,0.24718
requiring,6,1.693,0.24718
highlights,6,1.693,0.24718
ter,6,1.693,0.24718
perhaps,6,1.693,0.24718
gain,6,1.693,0.24718
overcome,6,1.693,0.24718
highlighted,6,1.693,0.24718
peer,6,1.693,0.24718
processed,6,1.693,0.24718
coming,6,1.693,0.24718
wider,6,1.693,0.24718
continuously,6,1.693,0.24718
improvements,6,1.693,0.24718
relevance,6,1.693,0.24718
massive,6,1.693,0.24718
effectiveness,6,1.693,0.24718
date,6,1.693,0.24718
incorporating,6,1.693,0.24718
consuming,6,1.693,0.24718
starts,6,1.693,0.24718
mutual,6,1.693,0.24718
deal,6,1.693,0.24718
extraction,6,1.693,0.24718
wrong,6,1.693,0.24718
condition,6,1.693,0.24718
fitted,6,1.693,0.24718
designs,6,1.693,0.24718
ple,6,1.693,0.24718
bigger,6,1.693,0.24718
adopt,6,1.693,0.24718
express,6,1.693,0.24718
packages,6,1.693,0.24718
quantum,6,1.693,0.24718
together,10,1.0,0.24331
increasing,10,1.0,0.24331
averaging,5,1.981,0.24098
appropriately,5,1.981,0.24098
institutions,5,1.981,0.24098
personal,5,1.981,0.24098
manuscript,5,1.981,0.24098
separated,5,1.981,0.24098
funding,5,1.981,0.24098
game,5,1.981,0.24098
identity,5,1.981,0.24098
simplest,5,1.981,0.24098
name,5,1.981,0.24098
versions,5,1.981,0.24098
coherent,5,1.981,0.24098
forest,5,1.981,0.24098
proteins,5,1.981,0.24098
sex,5,1.981,0.24098
providers,5,1.981,0.24098
timely,5,1.981,0.24098
leveraging,5,1.981,0.24098
companies,5,1.981,0.24098
budgets,5,1.981,0.24098
mitigating,5,1.981,0.24098
offs,5,1.981,0.24098
manual,5,1.981,0.24098
updates,5,1.981,0.24098
delay,5,1.981,0.24098
preprocessing,5,1.981,0.24098
newly,5,1.981,0.24098
kernels,5,1.981,0.24098
belong,5,1.981,0.24098
replacement,5,1.981,0.24098
exhibits,5,1.981,0.24098
observational,5,1.981,0.24098
contextual,5,1.981,0.24098
sparse,5,1.981,0.24098
den,5,1.981,0.24098
ers,5,1.981,0.24098
baseline,5,1.981,0.24098
meth,5,1.981,0.24098
uni,5,1.981,0.24098
nal,5,1.981,0.24098
reading,5,1.981,0.24098
medians,5,1.981,0.24098
resolu,5,1.981,0.24098
monthly,5,1.981,0.24098
forcing,5,1.981,0.24098
thoroughly,4,2.386,0.23225
disparities,4,2.386,0.23225
expertise,4,2.386,0.23225
multimodal,4,2.386,0.23225
insufficient,4,2.386,0.23225
classi,4,2.386,0.23225
readers,4,2.386,0.23225
confusion,4,2.386,0.23225
unseen,4,2.386,0.23225
impossible,4,2.386,0.23225
modifications,4,2.386,0.23225
minority,4,2.386,0.23225
disorder,4,2.386,0.23225
finance,4,2.386,0.23225
fourth,4,2.386,0.23225
personalized,4,2.386,0.23225
integrity,4,2.386,0.23225
exploiting,4,2.386,0.23225
accommodate,4,2.386,0.23225
knowing,4,2.386,0.23225
minute,4,2.386,0.23225
sentiment,4,2.386,0.23225
suboptimal,4,2.386,0.23225
styles,4,2.386,0.23225
sequentially,4,2.386,0.23225
beneficial,4,2.386,0.23225
teacher,4,2.386,0.23225
greedy,4,2.386,0.23225
decay,4,2.386,0.23225
seeks,4,2.386,0.23225
neighbor,4,2.386,0.23225
ranked,4,2.386,0.23225
certainty,4,2.386,0.23225
grows,4,2.386,0.23225
discrimination,4,2.386,0.23225
reports,4,2.386,0.23225
compu,4,2.386,0.23225
behavioral,4,2.386,0.23225
committed,4,2.386,0.23225
extrapolate,4,2.386,0.23225
generalised,4,2.386,0.23225
convexity,4,2.386,0.23225
tainty,4,2.386,0.23225
semantic,4,2.386,0.23225
avail,4,2.386,0.23225
arrows,4,2.386,0.23225
obtains,4,2.386,0.23225
repair,4,2.386,0.23225
universities,4,2.386,0.23225
centroids,4,2.386,0.23225
radius,4,2.386,0.23225
explanations,4,2.386,0.23225
contrib,4,2.386,0.23225
transforms,4,2.386,0.23225
climatologies,4,2.386,0.23225
federatedlearning,3,3.079,0.22478
randomforest,3,3.079,0.22478
sincethey,3,3.079,0.22478
paramount,3,3.079,0.22478
guiding,3,3.079,0.22478
characterise,3,3.079,0.22478
fication,3,3.079,0.22478
saliency,3,3.079,0.22478
throughput,3,3.079,0.22478
translational,3,3.079,0.22478
repositories,3,3.079,0.22478
executable,3,3.079,0.22478
forum,3,3.079,0.22478
deals,3,3.079,0.22478
workflows,3,3.079,0.22478
sort,3,3.079,0.22478
eliminating,3,3.079,0.22478
lidation,3,3.079,0.22478
ofheterogeneity,3,3.079,0.22478
geneity,3,3.079,0.22478
andmachinelearning,3,3.079,0.22478
datacollection,3,3.079,0.22478
ambiguous,3,3.079,0.22478
populationshifts,3,3.079,0.22478
theterm,3,3.079,0.22478
amodel,3,3.079,0.22478
andludwigschmidt,3,3.079,0.22478
andpeng,3,3.079,0.22478
timeliness,3,3.079,0.22478
subdiscipline,3,3.079,0.22478
retrained,3,3.079,0.22478
powerlessness,3,3.079,0.22478
expansive,3,3.079,0.22478
keeps,3,3.079,0.22478
paragraphs,3,3.079,0.22478
endpoints,3,3.079,0.22478
dramatically,3,3.079,0.22478
diversifying,3,3.079,0.22478
perceptions,3,3.079,0.22478
nevertheless,3,3.079,0.22478
arrive,3,3.079,0.22478
prohibitive,3,3.079,0.22478
flowchart,3,3.079,0.22478
trains,3,3.079,0.22478
intrusion,3,3.079,0.22478
advertising,3,3.079,0.22478
decides,3,3.079,0.22478
submodular,3,3.079,0.22478
observes,3,3.079,0.22478
recurring,3,3.079,0.22478
boolean,3,3.079,0.22478
chunks,3,3.079,0.22478
eigenvalue,3,3.079,0.22478
bounding,3,3.079,0.22478
emails,3,3.079,0.22478
knosys,3,3.079,0.22478
aos,3,3.079,0.22478
aaai,3,3.079,0.22478
hal,3,3.079,0.22478
categorises,3,3.079,0.22478
learningcurves,3,3.079,0.22478
justified,3,3.079,0.22478
categorise,3,3.079,0.22478
minimised,3,3.079,0.22478
etarrorre,3,3.079,0.22478
generalising,3,3.079,0.22478
landmarks,3,3.079,0.22478
monotonically,3,3.079,0.22478
categorised,3,3.079,0.22478
bref,3,3.079,0.22478
organise,3,3.079,0.22478
queryable,3,3.079,0.22478
adaption,3,3.079,0.22478
remedy,3,3.079,0.22478
plete,3,3.079,0.22478
generalises,3,3.079,0.22478
medi,3,3.079,0.22478
monotonicity,3,3.079,0.22478
graduation,3,3.079,0.22478
synonyms,3,3.079,0.22478
antonyms,3,3.079,0.22478
emotion,3,3.079,0.22478
emotions,3,3.079,0.22478
plied,3,3.079,0.22478
click,3,3.079,0.22478
dissimilarity,3,3.079,0.22478
rithms,3,3.079,0.22478
ters,3,3.079,0.22478
dist,3,3.079,0.22478
enrolled,3,3.079,0.22478
valley,3,3.079,0.22478
profiling,3,3.079,0.22478
pypy,3,3.079,0.22478
architecturesearch,3,3.079,0.22478
optimizations,3,3.079,0.22478
cuml,3,3.079,0.22478
compilation,3,3.079,0.22478
cuda,3,3.079,0.22478
rapidsai,3,3.079,0.22478
backend,3,3.079,0.22478
friendliness,3,3.079,0.22478
autodiff,3,3.079,0.22478
boxmodels,3,3.079,0.22478
boxattacks,3,3.079,0.22478
pubmed,3,3.079,0.22478
addendum,3,3.079,0.22478
alchemy,3,3.079,0.22478
kitchen,3,3.079,0.22478
sinks,3,3.079,0.22478
emulating,3,3.079,0.22478
validates,3,3.079,0.22478
islands,3,3.079,0.22478
phere,3,3.079,0.22478
neuron,3,3.079,0.22478
upscaled,3,3.079,0.22478
manages,3,3.079,0.22478
filters,3,3.079,0.22478
reason,8,1.134,0.22064
likely,8,1.134,0.22064
contributions,8,1.134,0.22064
shared,8,1.134,0.22064
ity,8,1.134,0.22064
details,8,1.134,0.22064
scales,8,1.134,0.22064
equal,8,1.134,0.22064
inter,8,1.134,0.22064
consistent,8,1.134,0.22064
sensitive,7,1.288,0.21932
dis,7,1.288,0.21932
poor,7,1.288,0.21932
generation,7,1.288,0.21932
length,7,1.288,0.21932
media,7,1.288,0.21932
covers,7,1.288,0.21932
comes,7,1.288,0.21932
evolution,7,1.288,0.21932
natural,7,1.288,0.21932
estimated,7,1.288,0.21932
showed,7,1.288,0.21932
dimensions,7,1.288,0.21932
appears,7,1.288,0.21932
axis,9,1.0,0.21898
red,9,1.0,0.21898
post,9,1.0,0.21898
presence,9,1.0,0.21898
intermediate,6,1.47,0.2146
choose,6,1.47,0.2146
concerns,6,1.47,0.2146
run,6,1.47,0.2146
outcome,6,1.47,0.2146
primarily,6,1.47,0.2146
exact,6,1.47,0.2146
aid,6,1.47,0.2146
seem,6,1.47,0.2146
statistically,6,1.47,0.2146
divided,6,1.47,0.2146
naturally,6,1.47,0.2146
missing,6,1.47,0.2146
causes,6,1.47,0.2146
automatically,6,1.47,0.2146
potentially,6,1.47,0.2146
sampled,6,1.47,0.2146
diverse,6,1.47,0.2146
historical,6,1.47,0.2146
projections,6,1.47,0.2146
planning,6,1.47,0.2146
connection,6,1.47,0.2146
expensive,6,1.47,0.2146
confirm,6,1.47,0.2146
optimize,6,1.47,0.2146
kind,6,1.47,0.2146
assigned,6,1.47,0.2146
ever,6,1.47,0.2146
industry,6,1.47,0.2146
dashed,6,1.47,0.2146
cal,6,1.47,0.2146
path,6,1.47,0.2146
reviewed,5,1.693,0.20598
applicability,5,1.693,0.20598
grouped,5,1.693,0.20598
highlighting,5,1.693,0.20598
equally,5,1.693,0.20598
protocols,5,1.693,0.20598
falls,5,1.693,0.20598
indicators,5,1.693,0.20598
overlapping,5,1.693,0.20598
vital,5,1.693,0.20598
forward,5,1.693,0.20598
overlap,5,1.693,0.20598
governance,5,1.693,0.20598
working,5,1.693,0.20598
interests,5,1.693,0.20598
brief,5,1.693,0.20598
adequate,5,1.693,0.20598
sim,5,1.693,0.20598
par,5,1.693,0.20598
correction,5,1.693,0.20598
uncertainties,5,1.693,0.20598
forecasting,5,1.693,0.20598
face,5,1.693,0.20598
outliers,5,1.693,0.20598
obtaining,5,1.693,0.20598
synthesis,5,1.693,0.20598
affects,5,1.693,0.20598
closer,5,1.693,0.20598
indicator,5,1.693,0.20598
tries,5,1.693,0.20598
largest,5,1.693,0.20598
conditional,5,1.693,0.20598
unified,5,1.693,0.20598
prominent,5,1.693,0.20598
illustrates,5,1.693,0.20598
dense,5,1.693,0.20598
successfully,5,1.693,0.20598
ings,5,1.693,0.20598
fidelity,5,1.693,0.20598
expectation,5,1.693,0.20598
package,5,1.693,0.20598
array,5,1.693,0.20598
targeted,5,1.693,0.20598
minus,5,1.693,0.20598
positive,8,1.0,0.19465
fact,8,1.0,0.19465
now,7,1.134,0.19306
strong,7,1.134,0.19306
leads,7,1.134,0.19306
subset,7,1.134,0.19306
reduced,7,1.134,0.19306
showing,7,1.134,0.19306
derived,7,1.134,0.19306
varying,7,1.134,0.19306
remain,7,1.134,0.19306
dependent,7,1.134,0.19306
studied,7,1.134,0.19306
shape,7,1.134,0.19306
principal,7,1.134,0.19306
advantage,7,1.134,0.19306
additive,4,1.981,0.19279
ifi,4,1.981,0.19279
dedicated,4,1.981,0.19279
safety,4,1.981,0.19279
item,4,1.981,0.19279
brought,4,1.981,0.19279
overfitting,4,1.981,0.19279
virtual,4,1.981,0.19279
excellent,4,1.981,0.19279
documentation,4,1.981,0.19279
vast,4,1.981,0.19279
reviewing,4,1.981,0.19279
guided,4,1.981,0.19279
specify,4,1.981,0.19279
themodel,4,1.981,0.19279
gathered,4,1.981,0.19279
variants,4,1.981,0.19279
scalability,4,1.981,0.19279
fail,4,1.981,0.19279
detectors,4,1.981,0.19279
regardless,4,1.981,0.19279
macro,4,1.981,0.19279
augmentation,4,1.981,0.19279
redundant,4,1.981,0.19279
drawing,4,1.981,0.19279
reject,4,1.981,0.19279
round,4,1.981,0.19279
book,4,1.981,0.19279
gradually,4,1.981,0.19279
summer,4,1.981,0.19279
collect,4,1.981,0.19279
ofthe,4,1.981,0.19279
style,4,1.981,0.19279
ques,4,1.981,0.19279
terminology,4,1.981,0.19279
analyse,4,1.981,0.19279
outperforms,4,1.981,0.19279
adds,4,1.981,0.19279
benchmarks,4,1.981,0.19279
abilities,4,1.981,0.19279
col,4,1.981,0.19279
systemic,4,1.981,0.19279
symbols,4,1.981,0.19279
male,4,1.981,0.19279
compiled,4,1.981,0.19279
brings,4,1.981,0.19279
sta,4,1.981,0.19279
tistical,4,1.981,0.19279
calibrated,4,1.981,0.19279
aerosol,4,1.981,0.19279
wind,4,1.981,0.19279
weaker,4,1.981,0.19279
licence,4,1.981,0.19279
vixra,6,1.288,0.18799
differ,6,1.288,0.18799
operations,6,1.288,0.18799
nor,6,1.288,0.18799
plays,6,1.288,0.18799
slightly,6,1.288,0.18799
structural,6,1.288,0.18799
play,6,1.288,0.18799
structured,6,1.288,0.18799
communities,6,1.288,0.18799
broad,6,1.288,0.18799
possibility,6,1.288,0.18799
reducing,6,1.288,0.18799
calculated,6,1.288,0.18799
produces,6,1.288,0.18799
expansion,6,1.288,0.18799
extend,6,1.288,0.18799
benefits,6,1.288,0.18799
looking,6,1.288,0.18799
consists,6,1.288,0.18799
captured,6,1.288,0.18799
assumptions,6,1.288,0.18799
rest,6,1.288,0.18799
speed,6,1.288,0.18799
homogeneous,6,1.288,0.18799
share,5,1.47,0.17884
call,5,1.47,0.17884
ensures,5,1.47,0.17884
choosing,5,1.47,0.17884
studying,5,1.47,0.17884
adoption,5,1.47,0.17884
els,5,1.47,0.17884
away,5,1.47,0.17884
employ,5,1.47,0.17884
func,5,1.47,0.17884
inside,5,1.47,0.17884
aspect,5,1.47,0.17884
implement,5,1.47,0.17884
actions,5,1.47,0.17884
remaining,5,1.47,0.17884
industrial,5,1.47,0.17884
ment,5,1.47,0.17884
sup,5,1.47,0.17884
easy,5,1.47,0.17884
ments,5,1.47,0.17884
incorporate,5,1.47,0.17884
briefly,5,1.47,0.17884
powerful,5,1.47,0.17884
contain,5,1.47,0.17884
arise,5,1.47,0.17884
leave,5,1.47,0.17884
storage,5,1.47,0.17884
reasonably,5,1.47,0.17884
monitor,5,1.47,0.17884
separation,5,1.47,0.17884
contributing,5,1.47,0.17884
light,5,1.47,0.17884
classified,5,1.47,0.17884
uncertain,5,1.47,0.17884
modified,5,1.47,0.17884
probabilities,5,1.47,0.17884
defining,5,1.47,0.17884
mode,5,1.47,0.17884
denoted,5,1.47,0.17884
combine,5,1.47,0.17884
base,5,1.47,0.17884
root,5,1.47,0.17884
mod,5,1.47,0.17884
substantially,5,1.47,0.17884
suitable,5,1.47,0.17884
posed,5,1.47,0.17884
portion,5,1.47,0.17884
construction,5,1.47,0.17884
organized,5,1.47,0.17884
faster,5,1.47,0.17884
ture,5,1.47,0.17884
compatible,5,1.47,0.17884
activation,5,1.47,0.17884
visible,5,1.47,0.17884
guarantees,3,2.386,0.17419
modality,3,2.386,0.17419
demographics,3,2.386,0.17419
puter,3,2.386,0.17419
inferring,3,2.386,0.17419
cations,3,2.386,0.17419
utilised,3,2.386,0.17419
ous,3,2.386,0.17419
valued,3,2.386,0.17419
individually,3,2.386,0.17419
convex,3,2.386,0.17419
deci,3,2.386,0.17419
contributed,3,2.386,0.17419
refine,3,2.386,0.17419
seconds,3,2.386,0.17419
desktop,3,2.386,0.17419
desirable,3,2.386,0.17419
exhaustive,3,2.386,0.17419
centric,3,2.386,0.17419
aswell,3,2.386,0.17419
duced,3,2.386,0.17419
ownership,3,2.386,0.17419
neutrality,3,2.386,0.17419
ideally,3,2.386,0.17419
ethical,3,2.386,0.17419
piece,3,2.386,0.17419
discrepancies,3,2.386,0.17419
failures,3,2.386,0.17419
specialized,3,2.386,0.17419
agreements,3,2.386,0.17419
matters,3,2.386,0.17419
theorem,3,2.386,0.17419
annotated,3,2.386,0.17419
fill,3,2.386,0.17419
buffer,3,2.386,0.17419
observing,3,2.386,0.17419
habits,3,2.386,0.17419
conservative,3,2.386,0.17419
minimax,3,2.386,0.17419
jth,3,2.386,0.17419
regards,3,2.386,0.17419
decaying,3,2.386,0.17419
exponentially,3,2.386,0.17419
circumstances,3,2.386,0.17419
gradual,3,2.386,0.17419
warning,3,2.386,0.17419
propagating,3,2.386,0.17419
clustered,3,2.386,0.17419
sorted,3,2.386,0.17419
incrementally,3,2.386,0.17419
antecedent,3,2.386,0.17419
novelty,3,2.386,0.17419
diagonal,3,2.386,0.17419
rewards,3,2.386,0.17419
asking,3,2.386,0.17419
ranks,3,2.386,0.17419
fault,3,2.386,0.17419
tational,3,2.386,0.17419
acm,3,2.386,0.17419
nia,3,2.386,0.17419
suitability,3,2.386,0.17419
pink,3,2.386,0.17419
tal,3,2.386,0.17419
exhaustively,3,2.386,0.17419
visualized,3,2.386,0.17419
uncer,3,2.386,0.17419
hoc,3,2.386,0.17419
ordered,3,2.386,0.17419
solves,3,2.386,0.17419
spirit,3,2.386,0.17419
ear,3,2.386,0.17419
admission,3,2.386,0.17419
tried,3,2.386,0.17419
tensor,3,2.386,0.17419
career,3,2.386,0.17419
corre,3,2.386,0.17419
dimen,3,2.386,0.17419
border,3,2.386,0.17419
cohesion,3,2.386,0.17419
cran,3,2.386,0.17419
assump,3,2.386,0.17419
neuralnetworks,3,2.386,0.17419
momentum,3,2.386,0.17419
experimentation,3,2.386,0.17419
influential,3,2.386,0.17419
rigor,3,2.386,0.17419
ncbi,3,2.386,0.17419
nlm,3,2.386,0.17419
nih,3,2.386,0.17419
repro,3,2.386,0.17419
optics,3,2.386,0.17419
deliver,3,2.386,0.17419
dependency,3,2.386,0.17419
predictand,3,2.386,0.17419
emulation,3,2.386,0.17419
ozone,3,2.386,0.17419
predictands,3,2.386,0.17419
river,3,2.386,0.17419
significance,6,1.134,0.16548
view,6,1.134,0.16548
distinct,6,1.134,0.16548
direction,6,1.134,0.16548
offer,6,1.134,0.16548
continuous,6,1.134,0.16548
increasingly,6,1.134,0.16548
strengths,6,1.134,0.16548
contains,6,1.134,0.16548
property,6,1.134,0.16548
relatively,6,1.134,0.16548
covering,6,1.134,0.16548
simulated,6,1.134,0.16548
inclusion,4,1.693,0.16479
computationally,4,1.693,0.16479
moving,4,1.693,0.16479
optimizing,4,1.693,0.16479
informa,4,1.693,0.16479
realistic,4,1.693,0.16479
format,4,1.693,0.16479
combinations,4,1.693,0.16479
attempts,4,1.693,0.16479
recurrent,4,1.693,0.16479
advance,4,1.693,0.16479
removed,4,1.693,0.16479
highlight,4,1.693,0.16479
offering,4,1.693,0.16479
considerations,4,1.693,0.16479
designing,4,1.693,0.16479
similarities,4,1.693,0.16479
never,4,1.693,0.16479
becoming,4,1.693,0.16479
modify,4,1.693,0.16479
altered,4,1.693,0.16479
properly,4,1.693,0.16479
latent,4,1.693,0.16479
leverage,4,1.693,0.16479
hope,4,1.693,0.16479
devices,4,1.693,0.16479
subsets,4,1.693,0.16479
creates,4,1.693,0.16479
conflict,4,1.693,0.16479
influenced,4,1.693,0.16479
norm,4,1.693,0.16479
maximize,4,1.693,0.16479
demands,4,1.693,0.16479
creating,4,1.693,0.16479
blocks,4,1.693,0.16479
continue,4,1.693,0.16479
exam,4,1.693,0.16479
thatis,4,1.693,0.16479
acquire,4,1.693,0.16479
competitive,4,1.693,0.16479
improves,4,1.693,0.16479
precisely,4,1.693,0.16479
drop,4,1.693,0.16479
entirely,4,1.693,0.16479
latest,4,1.693,0.16479
document,4,1.693,0.16479
medium,4,1.693,0.16479
particle,4,1.693,0.16479
implementing,4,1.693,0.16479
projects,4,1.693,0.16479
mapping,4,1.693,0.16479
reproduction,4,1.693,0.16479
seasonal,4,1.693,0.16479
family,4,1.693,0.16479
forced,4,1.693,0.16479
treatment,5,1.288,0.15666
elements,5,1.288,0.15666
row,5,1.288,0.15666
explored,5,1.288,0.15666
conduct,5,1.288,0.15666
unique,5,1.288,0.15666
characteristic,5,1.288,0.15666
followed,5,1.288,0.15666
hold,5,1.288,0.15666
suggesting,5,1.288,0.15666
plot,5,1.288,0.15666
gov,5,1.288,0.15666
sensitivity,5,1.288,0.15666
consistency,5,1.288,0.15666
extremely,5,1.288,0.15666
longer,5,1.288,0.15666
vary,5,1.288,0.15666
gap,5,1.288,0.15666
position,5,1.288,0.15666
weather,5,1.288,0.15666
detected,5,1.288,0.15666
runs,5,1.288,0.15666
coefficients,5,1.288,0.15666
approximate,5,1.288,0.15666
transformation,5,1.288,0.15666
highest,6,1.0,0.14599
produced,6,1.0,0.14599
negatively,3,1.981,0.14459
forecast,3,1.981,0.14459
encourage,3,1.981,0.14459
cancer,3,1.981,0.14459
outlook,3,1.981,0.14459
forthe,3,1.981,0.14459
interpret,3,1.981,0.14459
mum,3,1.981,0.14459
reflected,3,1.981,0.14459
partitioning,3,1.981,0.14459
constitute,3,1.981,0.14459
poorly,3,1.981,0.14459
lacking,3,1.981,0.14459
exclusively,3,1.981,0.14459
initiatives,3,1.981,0.14459
standardized,3,1.981,0.14459
competing,3,1.981,0.14459
crisis,3,1.981,0.14459
interacting,3,1.981,0.14459
tribution,3,1.981,0.14459
ics,3,1.981,0.14459
forests,3,1.981,0.14459
thorough,3,1.981,0.14459
citizens,3,1.981,0.14459
learns,3,1.981,0.14459
technological,3,1.981,0.14459
offered,3,1.981,0.14459
induce,3,1.981,0.14459
company,3,1.981,0.14459
pace,3,1.981,0.14459
introducing,3,1.981,0.14459
mitigation,3,1.981,0.14459
practitioners,3,1.981,0.14459
seek,3,1.981,0.14459
exploit,3,1.981,0.14459
speaking,3,1.981,0.14459
maintenance,3,1.981,0.14459
trial,3,1.981,0.14459
losses,3,1.981,0.14459
dynamically,3,1.981,0.14459
concern,3,1.981,0.14459
fashion,3,1.981,0.14459
detector,3,1.981,0.14459
belonging,3,1.981,0.14459
raises,3,1.981,0.14459
micro,3,1.981,0.14459
merging,3,1.981,0.14459
spherical,3,1.981,0.14459
anomaly,3,1.981,0.14459
squares,3,1.981,0.14459
augmented,3,1.981,0.14459
exceeds,3,1.981,0.14459
deployed,3,1.981,0.14459
segmentation,3,1.981,0.14459
aggregation,3,1.981,0.14459
lateral,3,1.981,0.14459
converged,3,1.981,0.14459
dominates,3,1.981,0.14459
geometric,3,1.981,0.14459
converge,3,1.981,0.14459
bit,3,1.981,0.14459
interpolation,3,1.981,0.14459
foundation,3,1.981,0.14459
normalised,3,1.981,0.14459
exceeded,3,1.981,0.14459
treat,3,1.981,0.14459
ller,3,1.981,0.14459
land,3,1.981,0.14459
imperative,3,1.981,0.14459
ness,3,1.981,0.14459
nested,3,1.981,0.14459
computations,3,1.981,0.14459
disciplines,3,1.981,0.14459
plan,3,1.981,0.14459
commands,3,1.981,0.14459
interactive,3,1.981,0.14459
docs,3,1.981,0.14459
smoothed,3,1.981,0.14459
tempera,3,1.981,0.14459
removing,3,1.981,0.14459
reproduced,3,1.981,0.14459
circulation,3,1.981,0.14459
tends,4,1.47,0.14307
straightforward,4,1.47,0.14307
broadly,4,1.47,0.14307
reduces,4,1.47,0.14307
lowest,4,1.47,0.14307
denotes,4,1.47,0.14307
contribute,4,1.47,0.14307
statement,4,1.47,0.14307
definitions,4,1.47,0.14307
possibly,4,1.47,0.14307
put,4,1.47,0.14307
equations,4,1.47,0.14307
reasoning,4,1.47,0.14307
utilized,4,1.47,0.14307
options,4,1.47,0.14307
copy,4,1.47,0.14307
action,4,1.47,0.14307
pairs,4,1.47,0.14307
interpretation,4,1.47,0.14307
specified,4,1.47,0.14307
element,4,1.47,0.14307
module,4,1.47,0.14307
economic,4,1.47,0.14307
quickly,4,1.47,0.14307
age,4,1.47,0.14307
proper,4,1.47,0.14307
reveal,4,1.47,0.14307
caused,4,1.47,0.14307
happen,4,1.47,0.14307
immediate,4,1.47,0.14307
existence,4,1.47,0.14307
affected,4,1.47,0.14307
force,4,1.47,0.14307
offers,4,1.47,0.14307
growing,4,1.47,0.14307
propagation,4,1.47,0.14307
add,4,1.47,0.14307
suited,4,1.47,0.14307
double,4,1.47,0.14307
consideration,4,1.47,0.14307
captures,4,1.47,0.14307
consumer,4,1.47,0.14307
mixed,4,1.47,0.14307
manner,4,1.47,0.14307
efficiently,4,1.47,0.14307
differs,4,1.47,0.14307
written,4,1.47,0.14307
except,4,1.47,0.14307
carried,4,1.47,0.14307
fewer,4,1.47,0.14307
satisfy,4,1.47,0.14307
status,4,1.47,0.14307
correspond,4,1.47,0.14307
strongly,5,1.134,0.1379
focused,5,1.134,0.1379
plots,5,1.134,0.1379
products,5,1.134,0.1379
mechanism,5,1.134,0.1379
log,5,1.134,0.1379
limits,4,1.288,0.12532
capabilities,4,1.288,0.12532
correlated,4,1.288,0.12532
attempt,4,1.288,0.12532
solid,4,1.288,0.12532
helpful,4,1.288,0.12532
integrated,4,1.288,0.12532
constructing,4,1.288,0.12532
purposes,4,1.288,0.12532
identifies,4,1.288,0.12532
fraction,4,1.288,0.12532
operation,4,1.288,0.12532
separately,4,1.288,0.12532
completely,4,1.288,0.12532
identical,4,1.288,0.12532
transfer,4,1.288,0.12532
considerable,4,1.288,0.12532
detailed,4,1.288,0.12532
innovative,4,1.288,0.12532
determining,4,1.288,0.12532
characterized,4,1.288,0.12532
otherwise,4,1.288,0.12532
formulation,4,1.288,0.12532
ideal,4,1.288,0.12532
extension,4,1.288,0.12532
distances,4,1.288,0.12532
formed,4,1.288,0.12532
decreasing,4,1.288,0.12532
quite,4,1.288,0.12532
reach,4,1.288,0.12532
displays,4,1.288,0.12532
cess,4,1.288,0.12532
formation,4,1.288,0.12532
intensity,4,1.288,0.12532
solar,4,1.288,0.12532
guarantee,3,1.693,0.12359
publicly,3,1.693,0.12359
handling,3,1.693,0.12359
fore,3,1.693,0.12359
care,3,1.693,0.12359
molecule,3,1.693,0.12359
concerned,3,1.693,0.12359
coarse,3,1.693,0.12359
validate,3,1.693,0.12359
sin,3,1.693,0.12359
aiming,3,1.693,0.12359
formulated,3,1.693,0.12359
accessible,3,1.693,0.12359
validated,3,1.693,0.12359
minimal,3,1.693,0.12359
countries,3,1.693,0.12359
services,3,1.693,0.12359
fold,3,1.693,0.12359
infer,3,1.693,0.12359
extends,3,1.693,0.12359
possibilities,3,1.693,0.12359
sophisticated,3,1.693,0.12359
creation,3,1.693,0.12359
goals,3,1.693,0.12359
stakeholders,3,1.693,0.12359
managed,3,1.693,0.12359
collaboration,3,1.693,0.12359
evolve,3,1.693,0.12359
agree,3,1.693,0.12359
greatly,3,1.693,0.12359
intended,3,1.693,0.12359
regulation,3,1.693,0.12359
funded,3,1.693,0.12359
transformed,3,1.693,0.12359
agriculture,3,1.693,0.12359
andthe,3,1.693,0.12359
divergence,3,1.693,0.12359
fails,3,1.693,0.12359
correlations,3,1.693,0.12359
rise,3,1.693,0.12359
proxy,3,1.693,0.12359
extract,3,1.693,0.12359
unchanged,3,1.693,0.12359
imply,3,1.693,0.12359
informed,3,1.693,0.12359
meaningful,3,1.693,0.12359
started,3,1.693,0.12359
whenever,3,1.693,0.12359
columns,3,1.693,0.12359
sure,3,1.693,0.12359
adjusting,3,1.693,0.12359
reflects,3,1.693,0.12359
maintaining,3,1.693,0.12359
velocity,3,1.693,0.12359
running,3,1.693,0.12359
policies,3,1.693,0.12359
correctly,3,1.693,0.12359
modeled,3,1.693,0.12359
narrow,3,1.693,0.12359
determination,3,1.693,0.12359
reproducing,3,1.693,0.12359
background,3,1.693,0.12359
multivariate,3,1.693,0.12359
gets,3,1.693,0.12359
extracted,3,1.693,0.12359
orthogonal,3,1.693,0.12359
sys,3,1.693,0.12359
peaks,3,1.693,0.12359
simplicity,3,1.693,0.12359
addresses,3,1.693,0.12359
aforementioned,3,1.693,0.12359
dif,3,1.693,0.12359
predicts,3,1.693,0.12359
experi,3,1.693,0.12359
supports,3,1.693,0.12359
lar,3,1.693,0.12359
giving,3,1.693,0.12359
plus,3,1.693,0.12359
sur,3,1.693,0.12359
heuristic,3,1.693,0.12359
fairly,3,1.693,0.12359
articles,3,1.693,0.12359
discovered,3,1.693,0.12359
tween,3,1.693,0.12359
record,3,1.693,0.12359
constrained,3,1.693,0.12359
weeks,3,1.693,0.12359
million,3,1.693,0.12359
enable,3,1.693,0.12359
named,3,1.693,0.12359
moved,3,1.693,0.12359
mate,3,1.693,0.12359
optical,3,1.693,0.12359
lation,3,1.693,0.12359
simulate,3,1.693,0.12359
cor,3,1.693,0.12359
partly,3,1.693,0.12359
projected,3,1.693,0.12359
relative,5,1.0,0.12166
zero,5,1.0,0.12166
demonstrate,4,1.134,0.11032
direct,4,1.134,0.11032
respective,4,1.134,0.11032
equivalent,4,1.134,0.11032
sion,4,1.134,0.11032
construct,4,1.134,0.11032
short,4,1.134,0.11032
bottom,4,1.134,0.11032
appear,4,1.134,0.11032
analyses,4,1.134,0.11032
influence,4,1.134,0.11032
stage,4,1.134,0.11032
population,4,1.134,0.11032
product,4,1.134,0.11032
closely,4,1.134,0.11032
trend,4,1.134,0.11032
throughout,4,1.134,0.11032
whereas,4,1.134,0.11032
look,4,1.134,0.11032
adding,3,1.47,0.1073
adopted,3,1.47,0.1073
guide,3,1.47,0.1073
move,3,1.47,0.1073
discrete,3,1.47,0.1073
plotted,3,1.47,0.1073
claim,3,1.47,0.1073
sequences,3,1.47,0.1073
precise,3,1.47,0.1073
capturing,3,1.47,0.1073
false,3,1.47,0.1073
logical,3,1.47,0.1073
proven,3,1.47,0.1073
addressing,3,1.47,0.1073
history,3,1.47,0.1073
advantages,3,1.47,0.1073
incorporated,3,1.47,0.1073
consequence,3,1.47,0.1073
neutral,3,1.47,0.1073
procedures,3,1.47,0.1073
replaced,3,1.47,0.1073
implications,3,1.47,0.1073
easier,3,1.47,0.1073
decades,3,1.47,0.1073
closed,3,1.47,0.1073
focusing,3,1.47,0.1073
null,3,1.47,0.1073
regular,3,1.47,0.1073
sufficiently,3,1.47,0.1073
determines,3,1.47,0.1073
restricted,3,1.47,0.1073
thresholds,3,1.47,0.1073
involve,3,1.47,0.1073
generalized,3,1.47,0.1073
tend,3,1.47,0.1073
enhanced,3,1.47,0.1073
projection,3,1.47,0.1073
ble,3,1.47,0.1073
qualitative,3,1.47,0.1073
pair,3,1.47,0.1073
treated,3,1.47,0.1073
units,3,1.47,0.1073
stands,3,1.47,0.1073
listed,3,1.47,0.1073
profiles,3,1.47,0.1073
explained,3,1.47,0.1073
mation,3,1.47,0.1073
explanation,3,1.47,0.1073
emerged,3,1.47,0.1073
transport,3,1.47,0.1073
cos,3,1.47,0.1073
atmosphere,3,1.47,0.1073
chose,3,1.47,0.1073
ground,4,1.0,0.09733
events,4,1.0,0.09733
transformations,3,1.288,0.09399
column,3,1.288,0.09399
fits,3,1.288,0.09399
differential,3,1.288,0.09399
mostly,3,1.288,0.09399
enhance,3,1.288,0.09399
frequently,3,1.288,0.09399
demand,3,1.288,0.09399
detail,3,1.288,0.09399
mechanisms,3,1.288,0.09399
stability,3,1.288,0.09399
largely,3,1.288,0.09399
profile,3,1.288,0.09399
mail,3,1.288,0.09399
efforts,3,1.288,0.09399
spaces,3,1.288,0.09399
signals,3,1.288,0.09399
led,3,1.288,0.09399
forms,3,1.288,0.09399
content,3,1.288,0.09399
matter,3,1.288,0.09399
distinguish,3,1.288,0.09399
depend,3,1.288,0.09399
numerical,3,1.288,0.09399
der,3,1.288,0.09399
comparable,3,1.288,0.09399
gaps,3,1.288,0.09399
gas,3,1.288,0.09399
deviations,3,1.288,0.09399
pixel,3,1.288,0.09399
sufficient,3,1.134,0.08274
containing,3,1.134,0.08274
absence,3,1.134,0.08274
evidence,3,1.134,0.08274
consistently,3,1.134,0.08274
desired,3,1.134,0.08274
strength,3,1.134,0.08274
water,3,1.134,0.08274
earlier,3,1.134,0.08274
magnitude,3,1.0,0.07299
spectrum,3,1.0,0.07299
